Accessories-Hat-Hat,2
Accessories-Scarf-AriannaScarf,16
Cosmetics-Makeup-Lipstick,54
DIY-SewingPattern-AdelineSewingPattern,6
DIY-SewingPattern-AllisonSewingPattern,6
DIY-SewingPattern-BaileySewingPattern,20
DIY-SewingPattern-CarolineSewingPattern,2
DIY-SewingPattern-CharlieSewingPattern,1
DIY-SewingPattern-ElianaSewingPattern,4
DIY-SewingPattern-EvaSewingPattern,4
DIY-SewingPattern-KennedySewingPattern,8
DIY-SewingPattern-LilianaSewingPattern,13
DIY-SewingPattern-MakaylaSewingPattern,9
DIY-SewingPattern-MariaSewingPattern,14
DIY-SewingPattern-PenelopeSewingPattern,1
DIY-SewingPattern-ReaganSewingPattern,10
DIY-SewingPattern-SadieSewingPattern,1
DIY-SewingPattern-SamanthaSewingPattern,14
DIY-SewingPattern-SewingPatternZoe,1
DIY-SewingPattern-SophieSewingPattern,20
DIY-SewingPattern-StellaSewingPattern,2
DIY-SewingPattern-VioletSewingPattern,3
DIY-StarterKit-StarterKit,26
Lingerie&Beachwear-Beachwear-Bathingsuit-ClaireBathingsuit,3
Lingerie&Beachwear-Beachwear-Bathingsuit-GraceBathingsuit,6
Lingerie&Beachwear-Beachwear-Bathingsuit-ScarlettBathingsuit,8
Lingerie&Beachwear-Lingerie-Body-EllieBody,15
Others-Stationnary-Greetingcard,1
PremiumSubscription,105
ReadyToWear-Bottoms-Jeans-CatherineJeans,2
ReadyToWear-Bottoms-Jeans-CiaraJeans,2
ReadyToWear-Bottoms-Jeans-WalesJeans,1
ReadyToWear-Bottoms-Trousers-IsabelleTrousers,3
ReadyToWear-Bottoms-Trousers-IsabelleTrousersS,1
ReadyToWear-Dresses-AnneDress,4
ReadyToWear-Dresses-DaiDress,2
ReadyToWear-Dresses-GiselleDress,1
ReadyToWear-Dresses-HedyDress,8
ReadyToWear-Dresses-LilaDress,2
ReadyToWear-Dresses-MayaDress,2
ReadyToWear-Dresses-RiaDress,7
ReadyToWear-Dresses-TanyaDress,2
ReadyToWear-Dresses-VictoriaDress,1
ReadyToWear-Jackets-Kimono-AnnaKimono,3
ReadyToWear-Jackets-Trench-Redtrench,2
ReadyToWear-Rompers-Jumpsuit-ElenaJumpsuit,1
ReadyToWear-Rompers-Jumpsuit-HaileyJumpsuit,3
ReadyToWear-Rompers-Jumpsuit-ZoeJumpsuit,1
ReadyToWear-Rompers-Overalls-AubreyOveralls,1
ReadyToWear-Skirt-AlexandraSkirt,21
ReadyToWear-Skirt-AudreySkirt,3
ReadyToWear-Skirt-AzaliaSkirt,5
ReadyToWear-Skirt-ChloeSkirt,1
ReadyToWear-Skirt-JaneSkirt,2
ReadyToWear-Skirt-JessamineSkirt,2
ReadyToWear-Skirt-LesleySkirt,3
ReadyToWear-Skirt-MarnySkirt,8
ReadyToWear-Skirt-PenelopeSkirt,2
ReadyToWear-Skirt-SarahSkirt,4
ReadyToWear-Skirt-ShelbySkirt,4
ReadyToWear-Skirt-WynneSkirt,2
ReadyToWear-Tops-Shirt-GreyShirt,7
ReadyToWear-Tops-Shirt-LoveShirtSandra,1
ReadyToWear-Tops-Shirt-MilaShirt,5
ReadyToWear-Tops-Shirt-PinkShirt,7
ReadyToWear-Tops-Sweater-AaliyahSweater,3
ReadyToWear-Tops-Sweater-AdalynSweater,9
ReadyToWear-Tops-Sweater-Kittykittysweater,6
ReadyToWear-Tops-Sweater-NoraSweater,2
ReadyToWear-Tops-Top-HarperTop,2
Workshop-Training-Training#1,4
Workshop-Training-Traning22,6